-- phpMyAdmin SQL Dump
-- version 5.0.1
-- https://www.phpmyadmin.net/
--
-- Hôte : 127.0.0.1
-- Généré le : mer. 20 jan. 2021 à 16:31
-- Version du serveur :  10.4.11-MariaDB
-- Version de PHP : 7.4.2

SET SQL_MODE = "NO_AUTO_VALUE_ON_ZERO";
SET AUTOCOMMIT = 0;
START TRANSACTION;
SET time_zone = "+00:00";


/*!40101 SET @OLD_CHARACTER_SET_CLIENT=@@CHARACTER_SET_CLIENT */;
/*!40101 SET @OLD_CHARACTER_SET_RESULTS=@@CHARACTER_SET_RESULTS */;
/*!40101 SET @OLD_COLLATION_CONNECTION=@@COLLATION_CONNECTION */;
/*!40101 SET NAMES utf8mb4 */;

--
-- Base de données : `bd_papis_d`
--

-- --------------------------------------------------------

--
-- Structure de la table `checked`
--

CREATE TABLE `checked` (
  `id` int(30) NOT NULL,
  `ref_no` varchar(100) NOT NULL,
  `room_id` int(30) NOT NULL,
  `name` text NOT NULL,
  `contact_no` varchar(20) NOT NULL,
  `nation` varchar(50) NOT NULL,
  `Tpiece` varchar(50) NOT NULL,
  `date_in` datetime NOT NULL,
  `date_out` datetime NOT NULL,
  `booked_cid` int(30) NOT NULL,
  `status` tinyint(1) NOT NULL DEFAULT 0 COMMENT '0 = pending, 1=checked in , 2 = checked out',
  `date_updated` datetime NOT NULL DEFAULT current_timestamp() ON UPDATE current_timestamp()
) ENGINE=InnoDB DEFAULT CHARSET=utf8mb4;

--
-- Déchargement des données de la table `checked`
--

INSERT INTO `checked` (`id`, `ref_no`, `room_id`, `name`, `contact_no`, `nation`, `Tpiece`, `date_in`, `date_out`, `booked_cid`, `status`, `date_updated`) VALUES
(4, '0000\n', 1, 'John Smith', '+14526-5455-44', '', '', '2020-09-19 11:48:09', '2020-09-22 11:48:09', 0, 2, '2021-01-11 12:41:55'),
(5, '9564082520\n', 1, 'John Smith', '+14526-5455-44', '', '', '2020-09-19 11:48:33', '2020-09-22 11:48:33', 0, 2, '2020-09-19 13:12:19'),
(6, '2765813481\n', 1, 'asdasd asdas as', '8747808787', '', '', '2020-09-19 13:16:00', '2020-09-24 13:16:00', 0, 2, '2020-09-19 13:43:21'),
(7, '4392831400\n', 3, 'Sample', '5205525544', '', '', '2020-09-19 13:00:00', '2020-09-23 13:00:00', 0, 2, '2020-09-19 16:00:55'),
(10, '6479004224\n', 1, 'John Smith', '+14526-5455-44', '', '', '2020-09-23 10:31:00', '2020-09-29 10:31:00', 3, 2, '2021-01-05 13:31:21'),
(11, '6639509766\n', 1, 'nziengui', '+221 770361767', '', '', '2021-01-05 13:28:00', '2021-01-08 13:28:00', 3, 2, '2021-01-05 22:03:45'),
(12, '5485292142\n', 1, 'parfait nziengui', '+221 770361767', '', '', '2021-01-05 19:58:00', '2021-01-07 19:58:00', 3, 2, '2021-01-06 14:33:02'),
(13, '3536338990\n', 1, 'parfait nziengui', '+221 770361767', '', '', '2021-01-05 20:03:00', '2021-01-07 20:03:00', 3, 2, '2021-01-06 14:33:07'),
(14, '8910054487\n', 1, 'nziengui', '+221 770361767', '', '', '2021-01-05 20:14:00', '2021-01-07 20:14:00', 2, 2, '2021-01-06 14:33:14'),
(15, '1602571141\n', 3, 'Enrique Ossiessi', '770361767', '', '', '2021-01-06 14:40:00', '2021-01-09 14:40:00', 3, 2, '2021-01-06 14:44:23'),
(16, '848225502\n', 1, 'parfait noukpo nziengui', '+221 770361767', '', '', '2021-01-06 14:43:00', '2021-01-09 14:43:00', 3, 2, '2021-01-06 14:44:27'),
(18, '8255238369\n', 1, 'niel', '+221 770361767', '', '', '2021-01-09 12:33:00', '2021-01-11 12:33:00', 3, 2, '2021-01-11 12:43:57'),
(19, '1534119516\n', 1, 'oksam90', '+221 770361767', '', '', '2021-01-09 13:10:00', '2021-01-11 13:10:00', 2, 2, '2021-01-11 12:42:44'),
(20, '4939442547\n', 1, 'Lilie', '+221 770361767', '', '', '2021-01-30 17:30:00', '2021-01-31 17:30:00', 3, 2, '2021-01-07 19:55:21'),
(21, '9540477921\n', 1, 'jack', '+221 770361767', '', '', '2021-01-28 20:30:00', '2021-01-29 20:30:00', 3, 2, '2021-01-07 20:06:57'),
(22, '4558602807\n', 0, 'Roland KOSSI', '+221 770361767', '', '', '2021-01-24 17:53:00', '2021-01-26 17:53:00', 3, 2, '2021-01-11 12:48:51'),
(23, '6570443845\n', 0, 'RONI', '+221 770361767', '', '', '2021-01-24 12:52:00', '2021-01-26 12:52:00', 2, 0, '2021-01-11 12:52:18'),
(24, '3594671662\n', 6, 'Aroune', '+221 770361767', 'Non Senegal ', 'CNI', '2021-01-12 16:49:00', '2021-01-13 16:49:00', 0, 1, '2021-01-12 16:49:41'),
(25, '6174255258\n', 1, 'Papis', '+221 770361767', 'Non Senegal ', 'Passport', '2021-01-17 16:53:00', '2021-01-18 16:53:00', 3, 1, '2021-01-12 17:19:31'),
(26, '132218351\n', 5, 'Arame', '+221 770361767', 'Senegal', 'PC', '2021-01-17 17:05:00', '2021-01-18 17:05:00', 2, 1, '2021-01-12 17:16:37');

-- --------------------------------------------------------

--
-- Structure de la table `rooms`
--

CREATE TABLE `rooms` (
  `id` int(30) NOT NULL,
  `room` varchar(30) NOT NULL,
  `category_id` int(30) NOT NULL,
  `status` tinyint(1) NOT NULL DEFAULT 0 COMMENT '0 = Available , 1= Unvailables'
) ENGINE=InnoDB DEFAULT CHARSET=utf8mb4;

--
-- Déchargement des données de la table `rooms`
--

INSERT INTO `rooms` (`id`, `room`, `category_id`, `status`) VALUES
(1, 'Chambre-1', 3, 1),
(3, 'Chambre-1', 2, 0),
(5, 'Chambre-2', 3, 1),
(6, 'Chambre-2', 2, 0);

-- --------------------------------------------------------

--
-- Structure de la table `room_categories`
--

CREATE TABLE `room_categories` (
  `id` int(30) NOT NULL,
  `name` text NOT NULL,
  `price` float NOT NULL,
  `cover_img` text NOT NULL
) ENGINE=InnoDB DEFAULT CHARSET=utf8mb4;

--
-- Déchargement des données de la table `room_categories`
--

INSERT INTO `room_categories` (`id`, `name`, `price`, `cover_img`) VALUES
(2, 'Chambre Ventilée', 12500, '1600480260_4.jpg'),
(3, 'Chambre Climatisée', 17500, '1600480680_2.jpg');

-- --------------------------------------------------------

--
-- Structure de la table `system_settings`
--

CREATE TABLE `system_settings` (
  `id` int(30) NOT NULL,
  `hotel_name` text NOT NULL,
  `email` varchar(200) NOT NULL,
  `contact` varchar(20) NOT NULL,
  `cover_img` text NOT NULL,
  `about_content` text NOT NULL
) ENGINE=InnoDB DEFAULT CHARSET=utf8mb4;

--
-- Déchargement des données de la table `system_settings`
--

INSERT INTO `system_settings` (`id`, `hotel_name`, `email`, `contact`, `cover_img`, `about_content`) VALUES
(1, 'Chez Papis', 'ayokotech2020@gmail.com', '+221 770361767', '1600478940_hotel-cover.jpg', '&lt;p style=&quot;text-align: center; background: transparent; position: relative;&quot;&gt;&lt;span style=&quot;font-size:28px;background: transparent; position: relative;&quot;&gt;ABOUT US&lt;/span&gt;&lt;/b&gt;&lt;/span&gt;&lt;/p&gt;&lt;p style=&quot;text-align: center; background: transparent; position: relative;&quot;&gt;&lt;span style=&quot;background: transparent; position: relative; font-size: 14px;&quot;&gt;&lt;span style=&quot;font-size:28px;background: transparent; position: relative;&quot;&gt;&lt;b style=&quot;margin: 0px; padding: 0px; color: rgb(0, 0, 0); font-family: &amp;quot;Open Sans&amp;quot;, Arial, sans-serif; text-align: justify;&quot;&gt;Lorem Ipsum&lt;/b&gt;&lt;span style=&quot;color: rgb(0, 0, 0); font-family: &amp;quot;Open Sans&amp;quot;, Arial, sans-serif; font-weight: 400; text-align: justify;&quot;&gt;&amp;nbsp;is simply dummy text of the printing and typesetting industry. Lorem Ipsum has been the industry&amp;#x2019;s standard dummy text ever since the 1500s, when an unknown printer took a galley of type and scrambled it to make a type specimen book. It has survived not only five centuries, but also the leap into electronic typesetting, remaining essentially unchanged. It was popularised in the 1960s with the release of Letraset sheets containing Lorem Ipsum passages, and more recently with desktop publishing software like Aldus PageMaker including versions of Lorem Ipsum.&lt;/span&gt;&lt;br&gt;&lt;/span&gt;&lt;/b&gt;&lt;/span&gt;&lt;/p&gt;&lt;p style=&quot;text-align: center; background: transparent; position: relative;&quot;&gt;&lt;span style=&quot;background: transparent; position: relative; font-size: 14px;&quot;&gt;&lt;span style=&quot;font-size:28px;background: transparent; position: relative;&quot;&gt;&lt;span style=&quot;color: rgb(0, 0, 0); font-family: &amp;quot;Open Sans&amp;quot;, Arial, sans-serif; font-weight: 400; text-align: justify;&quot;&gt;&lt;br&gt;&lt;/span&gt;&lt;/b&gt;&lt;/span&gt;&lt;/p&gt;&lt;p style=&quot;text-align: center; background: transparent; position: relative;&quot;&gt;&lt;span style=&quot;background: transparent; position: relative; font-size: 14px;&quot;&gt;&lt;span style=&quot;font-size:28px;background: transparent; position: relative;&quot;&gt;&lt;h2 style=&quot;font-size:28px;background: transparent; position: relative;&quot;&gt;Where does it come from?&lt;/h2&gt;&lt;p style=&quot;text-align: center; margin-bottom: 15px; padding: 0px; color: rgb(0, 0, 0); font-family: &amp;quot;Open Sans&amp;quot;, Arial, sans-serif; font-weight: 400;&quot;&gt;Contrary to popular belief, Lorem Ipsum is not simply random text. It has roots in a piece of classical Latin literature from 45 BC, making it over 2000 years old. Richard McClintock, a Latin professor at Hampden-Sydney College in Virginia, looked up one of the more obscure Latin words, consectetur, from a Lorem Ipsum passage, and going through the cites of the word in classical literature, discovered the undoubtable source. Lorem Ipsum comes from sections 1.10.32 and 1.10.33 of &quot;de Finibus Bonorum et Malorum&quot; (The Extremes of Good and Evil) by Cicero, written in 45 BC. This book is a treatise on the theory of ethics, very popular during the Renaissance. The first line of Lorem Ipsum, &quot;Lorem ipsum dolor sit amet..&quot;, comes from a line in section 1.10.32.&lt;/p&gt;&lt;/span&gt;&lt;/b&gt;&lt;/span&gt;&lt;/p&gt;');

-- --------------------------------------------------------

--
-- Structure de la table `users`
--

CREATE TABLE `users` (
  `id` int(30) NOT NULL,
  `name` varchar(200) NOT NULL,
  `username` varchar(100) NOT NULL,
  `password` varchar(200) NOT NULL,
  `type` tinyint(1) NOT NULL DEFAULT 2 COMMENT '1=admin , 2 = staff'
) ENGINE=InnoDB DEFAULT CHARSET=utf8mb4;

--
-- Déchargement des données de la table `users`
--

INSERT INTO `users` (`id`, `name`, `username`, `password`, `type`) VALUES
(1, 'Administrator', 'admin', 'admin123', 1);

--
-- Index pour les tables déchargées
--

--
-- Index pour la table `checked`
--
ALTER TABLE `checked`
  ADD PRIMARY KEY (`id`);

--
-- Index pour la table `rooms`
--
ALTER TABLE `rooms`
  ADD PRIMARY KEY (`id`);

--
-- Index pour la table `room_categories`
--
ALTER TABLE `room_categories`
  ADD PRIMARY KEY (`id`);

--
-- Index pour la table `system_settings`
--
ALTER TABLE `system_settings`
  ADD PRIMARY KEY (`id`);

--
-- Index pour la table `users`
--
ALTER TABLE `users`
  ADD PRIMARY KEY (`id`);

--
-- AUTO_INCREMENT pour les tables déchargées
--

--
-- AUTO_INCREMENT pour la table `checked`
--
ALTER TABLE `checked`
  MODIFY `id` int(30) NOT NULL AUTO_INCREMENT, AUTO_INCREMENT=27;

--
-- AUTO_INCREMENT pour la table `rooms`
--
ALTER TABLE `rooms`
  MODIFY `id` int(30) NOT NULL AUTO_INCREMENT, AUTO_INCREMENT=7;

--
-- AUTO_INCREMENT pour la table `room_categories`
--
ALTER TABLE `room_categories`
  MODIFY `id` int(30) NOT NULL AUTO_INCREMENT, AUTO_INCREMENT=7;

--
-- AUTO_INCREMENT pour la table `system_settings`
--
ALTER TABLE `system_settings`
  MODIFY `id` int(30) NOT NULL AUTO_INCREMENT, AUTO_INCREMENT=2;

--
-- AUTO_INCREMENT pour la table `users`
--
ALTER TABLE `users`
  MODIFY `id` int(30) NOT NULL AUTO_INCREMENT, AUTO_INCREMENT=6;
COMMIT;

/*!40101 SET CHARACTER_SET_CLIENT=@OLD_CHARACTER_SET_CLIENT */;
/*!40101 SET CHARACTER_SET_RESULTS=@OLD_CHARACTER_SET_RESULTS */;
/*!40101 SET COLLATION_CONNECTION=@OLD_COLLATION_CONNECTION */;
